课程序号,课程代码,课程名称,学分,课程类别,学号,姓名,年级,学历层次,院系,修读类别,开课院系,教师,轮次,邮箱
SI100B.01,SI100B,信息科学技术导论,4,信息课程群,2024541001,高千惠,2024,本科,创业与管理学院,重修,信息科学与技术学院,"陆林燕,范睿,娄鑫,刘闯,李正浩,林竹雨,梁俊睿",1,gaoqh2024@shanghaitech.edu.cn
SI100B.01,SI100B,信息科学技术导论,4,信息课程群,2025511002,褚嘉祺,2025,本科,物质科学与技术学院,正常,信息科学与技术学院,"陆林燕,范睿,娄鑫,刘闯,李正浩,林竹雨,梁俊睿",,chujq2025@shanghaitech.edu.cn
SI100B.01,SI100B,信息科学技术导论,4,信息课程群,2025551001,刘清晨,2025,本科,创意与艺术学院,正常,信息科学与技术学院,"陆林燕,范睿,娄鑫,刘闯,李正浩,林竹雨,梁俊睿",,liuqch2025@shanghaitech.edu.cn
SI100B.01,SI100B,信息科学技术导论,4,信息课程群,2025551002,杨樱宁,2025,本科,创意与艺术学院,正常,信息科学与技术学院,"陆林燕,范睿,娄鑫,刘闯,李正浩,林竹雨,梁俊睿",,yangyn2025@shanghaitech.edu.cn
SI100B.01,SI100B,信息科学技术导论,4,信息课程群,2025551003,孙晟哲,2025,本科,创意与艺术学院,正常,信息科学与技术学院,"陆林燕,范睿,娄鑫,刘闯,李正浩,林竹雨,梁俊睿",,sunshzh2025@shanghaitech.edu.cn
SI100B.01,SI100B,信息科学技术导论,4,信息课程群,2025551004,丁玮宸,2025,本科,创意与艺术学院,正常,信息科学与技术学院,"陆林燕,范睿,娄鑫,刘闯,李正浩,林竹雨,梁俊睿",,dingwch2025@shanghaitech.edu.cn
SI100B.01,SI100B,信息科学技术导论,4,信息课程群,2025551005,沈锋,2025,本科,创意与艺术学院,正常,信息科学与技术学院,"陆林燕,范睿,娄鑫,刘闯,李正浩,林竹雨,梁俊睿",,shenfeng2025@shanghaitech.edu.cn
SI100B.01,SI100B,信息科学技术导论,4,信息课程群,2025551006,吴思源,2025,本科,创意与艺术学院,正常,信息科学与技术学院,"陆林燕,范睿,娄鑫,刘闯,李正浩,林竹雨,梁俊睿",,wusy2025@shanghaitech.edu.cn
SI100B.01,SI100B,信息科学技术导论,4,信息课程群,2025551007,陈子乐,2025,本科,创意与艺术学院,正常,信息科学与技术学院,"陆林燕,范睿,娄鑫,刘闯,李正浩,林竹雨,梁俊睿",,chenzy2025@shanghaitech.edu.cn
SI100B.01,SI100B,信息科学技术导论,4,信息课程群,2025551008,俞辰悦,2025,本科,创意与艺术学院,正常,信息科学与技术学院,"陆林燕,范睿,娄鑫,刘闯,李正浩,林竹雨,梁俊睿",,yuchy2025@shanghaitech.edu.cn
SI100B.01,SI100B,信息科学技术导论,4,信息课程群,2025551009,赵宇枫,2025,本科,创意与艺术学院,正常,信息科学与技术学院,"陆林燕,范睿,娄鑫,刘闯,李正浩,林竹雨,梁俊睿",,zhaoyf2025@shanghaitech.edu.cn
SI100B.01,SI100B,信息科学技术导论,4,信息课程群,2025551010,龙妍伶,2025,本科,创意与艺术学院,正常,信息科学与技术学院,"陆林燕,范睿,娄鑫,刘闯,李正浩,林竹雨,梁俊睿",,longyl2025@shanghaitech.edu.cn
SI100B.01,SI100B,信息科学技术导论,4,信息课程群,2025551011,余霁,2025,本科,创意与艺术学院,正常,信息科学与技术学院,"陆林燕,范睿,娄鑫,刘闯,李正浩,林竹雨,梁俊睿",,yuji2025@shanghaitech.edu.cn
SI100B.01,SI100B,信息科学技术导论,4,信息课程群,2025551012,蔡元憬,2025,本科,创意与艺术学院,正常,信息科学与技术学院,"陆林燕,范睿,娄鑫,刘闯,李正浩,林竹雨,梁俊睿",,caiyj2025@shanghaitech.edu.cn
SI100B.01,SI100B,信息科学技术导论,4,信息课程群,2025551013,张墨弛,2025,本科,创意与艺术学院,正常,信息科学与技术学院,"陆林燕,范睿,娄鑫,刘闯,李正浩,林竹雨,梁俊睿",,zhangmch2025@shanghaitech.edu.cn
SI100B.01,SI100B,信息科学技术导论,4,信息课程群,2025511001,胡程越,2025,本科,物质科学与技术学院,正常,信息科学与技术学院,"陆林燕,范睿,娄鑫,刘闯,李正浩,林竹雨,梁俊睿",,huchy2025@shanghaitech.edu.cn
SI100B.01,SI100B,信息科学技术导论,4,信息课程群,2025551014,谌亭如,2025,本科,创意与艺术学院,正常,信息科学与技术学院,"陆林燕,范睿,娄鑫,刘闯,李正浩,林竹雨,梁俊睿",,chentr2025@shanghaitech.edu.cn
SI100B.01,SI100B,信息科学技术导论,4,信息课程群,2025521062,杨馨然,2025,本科,生命科学与技术学院,正常,信息科学与技术学院,"陆林燕,范睿,娄鑫,刘闯,李正浩,林竹雨,梁俊睿",1,yangxr2025@shanghaitech.edu.cn
SI100B.01,SI100B,信息科学技术导论,4,信息课程群,2022513010,张书翰,2022,本科,物质科学与技术学院,重修,信息科学与技术学院,"陆林燕,范睿,娄鑫,刘闯,李正浩,林竹雨,梁俊睿",2,zhangshh2022@shanghaitech.edu.cn
SI100B.01,SI100B,信息科学技术导论,4,信息课程群,2024531001,门于翔,2024,本科,信息科学与技术学院,重修,信息科学与技术学院,"陆林燕,范睿,娄鑫,刘闯,李正浩,林竹雨,梁俊睿",1,menyx2024@shanghaitech.edu.cn
SI100B.01,SI100B,信息科学技术导论,4,信息课程群,2025511003,史颢辰,2025,本科,物质科学与技术学院,正常,信息科学与技术学院,"陆林燕,范睿,娄鑫,刘闯,李正浩,林竹雨,梁俊睿",,shihch2025@shanghaitech.edu.cn
SI100B.01,SI100B,信息科学技术导论,4,信息课程群,2025511004,王乐阳,2025,本科,物质科学与技术学院,正常,信息科学与技术学院,"陆林燕,范睿,娄鑫,刘闯,李正浩,林竹雨,梁俊睿",,wangly2025@shanghaitech.edu.cn
SI100B.01,SI100B,信息科学技术导论,4,信息课程群,2025511005,唐家琦,2025,本科,物质科学与技术学院,正常,信息科学与技术学院,"陆林燕,范睿,娄鑫,刘闯,李正浩,林竹雨,梁俊睿",,tangjq2025@shanghaitech.edu.cn
SI100B.01,SI100B,信息科学技术导论,4,信息课程群,2025511006,韩承洋,2025,本科,物质科学与技术学院,正常,信息科学与技术学院,"陆林燕,范睿,娄鑫,刘闯,李正浩,林竹雨,梁俊睿",,hanchy2025@shanghaitech.edu.cn
SI100B.01,SI100B,信息科学技术导论,4,信息课程群,2025511007,刘国骁,2025,本科,物质科学与技术学院,正常,信息科学与技术学院,"陆林燕,范睿,娄鑫,刘闯,李正浩,林竹雨,梁俊睿",,liugx2025@shanghaitech.edu.cn
SI100B.01,SI100B,信息科学技术导论,4,信息课程群,2025511008,赵誉涵,2025,本科,物质科学与技术学院,正常,信息科学与技术学院,"陆林燕,范睿,娄鑫,刘闯,李正浩,林竹雨,梁俊睿",,zhaoyh2025@shanghaitech.edu.cn
SI100B.01,SI100B,信息科学技术导论,4,信息课程群,2025511009,李承轩,2025,本科,物质科学与技术学院,正常,信息科学与技术学院,"陆林燕,范睿,娄鑫,刘闯,李正浩,林竹雨,梁俊睿",,lichx2025@shanghaitech.edu.cn
SI100B.01,SI100B,信息科学技术导论,4,信息课程群,2025511010,叶雨涵,2025,本科,物质科学与技术学院,正常,信息科学与技术学院,"陆林燕,范睿,娄鑫,刘闯,李正浩,林竹雨,梁俊睿",,yeyh2025@shanghaitech.edu.cn
SI100B.01,SI100B,信息科学技术导论,4,信息课程群,2025511011,杨恒溢,2025,本科,物质科学与技术学院,正常,信息科学与技术学院,"陆林燕,范睿,娄鑫,刘闯,李正浩,林竹雨,梁俊睿",,yanghy2025@shanghaitech.edu.cn
SI100B.01,SI100B,信息科学技术导论,4,信息课程群,2025511012,姜明哲,2025,本科,物质科学与技术学院,正常,信息科学与技术学院,"陆林燕,范睿,娄鑫,刘闯,李正浩,林竹雨,梁俊睿",,jiangmzh2025@shanghaitech.edu.cn
SI100B.01,SI100B,信息科学技术导论,4,信息课程群,2025511013,刘蓓希,2025,本科,物质科学与技术学院,正常,信息科学与技术学院,"陆林燕,范睿,娄鑫,刘闯,李正浩,林竹雨,梁俊睿",,liubx2025@shanghaitech.edu.cn
SI100B.01,SI100B,信息科学技术导论,4,信息课程群,2025511014,韩济同,2025,本科,物质科学与技术学院,正常,信息科学与技术学院,"陆林燕,范睿,娄鑫,刘闯,李正浩,林竹雨,梁俊睿",,hanjt2025@shanghaitech.edu.cn
SI100B.01,SI100B,信息科学技术导论,4,信息课程群,2025511015,金文玺,2025,本科,物质科学与技术学院,正常,信息科学与技术学院,"陆林燕,范睿,娄鑫,刘闯,李正浩,林竹雨,梁俊睿",,jinwx2025@shanghaitech.edu.cn
SI100B.01,SI100B,信息科学技术导论,4,信息课程群,2025511016,周子为,2025,本科,物质科学与技术学院,正常,信息科学与技术学院,"陆林燕,范睿,娄鑫,刘闯,李正浩,林竹雨,梁俊睿",,zhouzw2025@shanghaitech.edu.cn
SI100B.01,SI100B,信息科学技术导论,4,信息课程群,2025511017,高湘宜,2025,本科,物质科学与技术学院,正常,信息科学与技术学院,"陆林燕,范睿,娄鑫,刘闯,李正浩,林竹雨,梁俊睿",,gaoxy2025@shanghaitech.edu.cn
SI100B.01,SI100B,信息科学技术导论,4,信息课程群,2025511018,袁荷雨,2025,本科,物质科学与技术学院,正常,信息科学与技术学院,"陆林燕,范睿,娄鑫,刘闯,李正浩,林竹雨,梁俊睿",,yuanhy2025@shanghaitech.edu.cn
SI100B.01,SI100B,信息科学技术导论,4,信息课程群,2025511019,吴邵齐,2025,本科,物质科学与技术学院,正常,信息科学与技术学院,"陆林燕,范睿,娄鑫,刘闯,李正浩,林竹雨,梁俊睿",,wushq2025@shanghaitech.edu.cn
SI100B.01,SI100B,信息科学技术导论,4,信息课程群,2025511020,郭傅天,2025,本科,物质科学与技术学院,正常,信息科学与技术学院,"陆林燕,范睿,娄鑫,刘闯,李正浩,林竹雨,梁俊睿",,guoft2025@shanghaitech.edu.cn
SI100B.01,SI100B,信息科学技术导论,4,信息课程群,2025511021,刘炫宇,2025,本科,物质科学与技术学院,正常,信息科学与技术学院,"陆林燕,范睿,娄鑫,刘闯,李正浩,林竹雨,梁俊睿",,liuxy2025@shanghaitech.edu.cn
SI100B.01,SI100B,信息科学技术导论,4,信息课程群,2025511022,虞至澄,2025,本科,物质科学与技术学院,正常,信息科学与技术学院,"陆林燕,范睿,娄鑫,刘闯,李正浩,林竹雨,梁俊睿",,yuzhch2025@shanghaitech.edu.cn
SI100B.01,SI100B,信息科学技术导论,4,信息课程群,2025511023,季盛杰,2025,本科,物质科学与技术学院,正常,信息科学与技术学院,"陆林燕,范睿,娄鑫,刘闯,李正浩,林竹雨,梁俊睿",,jishj2025@shanghaitech.edu.cn
SI100B.01,SI100B,信息科学技术导论,4,信息课程群,2025511024,代雨洁,2025,本科,物质科学与技术学院,正常,信息科学与技术学院,"陆林燕,范睿,娄鑫,刘闯,李正浩,林竹雨,梁俊睿",,daiyj2025@shanghaitech.edu.cn
SI100B.01,SI100B,信息科学技术导论,4,信息课程群,2025511025,姚振科,2025,本科,物质科学与技术学院,正常,信息科学与技术学院,"陆林燕,范睿,娄鑫,刘闯,李正浩,林竹雨,梁俊睿",,yaozhk2025@shanghaitech.edu.cn
SI100B.01,SI100B,信息科学技术导论,4,信息课程群,2025511026,成昊庭,2025,本科,物质科学与技术学院,正常,信息科学与技术学院,"陆林燕,范睿,娄鑫,刘闯,李正浩,林竹雨,梁俊睿",,chenght2025@shanghaitech.edu.cn
SI100B.01,SI100B,信息科学技术导论,4,信息课程群,2025511027,王林峰,2025,本科,物质科学与技术学院,正常,信息科学与技术学院,"陆林燕,范睿,娄鑫,刘闯,李正浩,林竹雨,梁俊睿",,wanglf2025@shanghaitech.edu.cn
SI100B.01,SI100B,信息科学技术导论,4,信息课程群,2025511028,李一轲,2025,本科,物质科学与技术学院,正常,信息科学与技术学院,"陆林燕,范睿,娄鑫,刘闯,李正浩,林竹雨,梁俊睿",,liyk2025@shanghaitech.edu.cn
SI100B.01,SI100B,信息科学技术导论,4,信息课程群,2025511029,常进,2025,本科,物质科学与技术学院,正常,信息科学与技术学院,"陆林燕,范睿,娄鑫,刘闯,李正浩,林竹雨,梁俊睿",,changjin2025@shanghaitech.edu.cn
SI100B.01,SI100B,信息科学技术导论,4,信息课程群,2025511030,曹涵杰,2025,本科,物质科学与技术学院,正常,信息科学与技术学院,"陆林燕,范睿,娄鑫,刘闯,李正浩,林竹雨,梁俊睿",,caohj2025@shanghaitech.edu.cn
SI100B.01,SI100B,信息科学技术导论,4,信息课程群,2025511031,周炜哲,2025,本科,物质科学与技术学院,正常,信息科学与技术学院,"陆林燕,范睿,娄鑫,刘闯,李正浩,林竹雨,梁俊睿",,zhouwzh2025@shanghaitech.edu.cn
SI100B.01,SI100B,信息科学技术导论,4,信息课程群,2025511032,胡程琨,2025,本科,物质科学与技术学院,正常,信息科学与技术学院,"陆林燕,范睿,娄鑫,刘闯,李正浩,林竹雨,梁俊睿",,huchk2025@shanghaitech.edu.cn
SI100B.01,SI100B,信息科学技术导论,4,信息课程群,2025511033,马卓航,2025,本科,物质科学与技术学院,正常,信息科学与技术学院,"陆林燕,范睿,娄鑫,刘闯,李正浩,林竹雨,梁俊睿",,mazhh2025@shanghaitech.edu.cn
SI100B.01,SI100B,信息科学技术导论,4,信息课程群,2025511034,王梓寓,2025,本科,物质科学与技术学院,正常,信息科学与技术学院,"陆林燕,范睿,娄鑫,刘闯,李正浩,林竹雨,梁俊睿",,wangzy2025@shanghaitech.edu.cn
SI100B.01,SI100B,信息科学技术导论,4,信息课程群,2025511035,王桉源,2025,本科,物质科学与技术学院,正常,信息科学与技术学院,"陆林燕,范睿,娄鑫,刘闯,李正浩,林竹雨,梁俊睿",,wangay2025@shanghaitech.edu.cn
SI100B.01,SI100B,信息科学技术导论,4,信息课程群,2025511036,周轩可,2025,本科,物质科学与技术学院,正常,信息科学与技术学院,"陆林燕,范睿,娄鑫,刘闯,李正浩,林竹雨,梁俊睿",,zhouxk2025@shanghaitech.edu.cn
SI100B.01,SI100B,信息科学技术导论,4,信息课程群,2025511037,钟靖恺,2025,本科,物质科学与技术学院,正常,信息科学与技术学院,"陆林燕,范睿,娄鑫,刘闯,李正浩,林竹雨,梁俊睿",,zhongjk2025@shanghaitech.edu.cn
SI100B.01,SI100B,信息科学技术导论,4,信息课程群,2025511038,郭彦良,2025,本科,物质科学与技术学院,正常,信息科学与技术学院,"陆林燕,范睿,娄鑫,刘闯,李正浩,林竹雨,梁俊睿",,guoyl2025@shanghaitech.edu.cn
SI100B.01,SI100B,信息科学技术导论,4,信息课程群,2025511039,茹博雅,2025,本科,物质科学与技术学院,正常,信息科学与技术学院,"陆林燕,范睿,娄鑫,刘闯,李正浩,林竹雨,梁俊睿",,ruby2025@shanghaitech.edu.cn
SI100B.01,SI100B,信息科学技术导论,4,信息课程群,2025511040,刘博洋,2025,本科,物质科学与技术学院,正常,信息科学与技术学院,"陆林燕,范睿,娄鑫,刘闯,李正浩,林竹雨,梁俊睿",,liuby12025@shanghaitech.edu.cn
SI100B.01,SI100B,信息科学技术导论,4,信息课程群,2025511041,夏镜涵,2025,本科,物质科学与技术学院,正常,信息科学与技术学院,"陆林燕,范睿,娄鑫,刘闯,李正浩,林竹雨,梁俊睿",,xiajh2025@shanghaitech.edu.cn
SI100B.01,SI100B,信息科学技术导论,4,信息课程群,2025513009,朱辰,2025,本科,物质科学与技术学院,正常,信息科学与技术学院,"陆林燕,范睿,娄鑫,刘闯,李正浩,林竹雨,梁俊睿",,zhuchen2025@shanghaitech.edu.cn
SI100B.01,SI100B,信息科学技术导论,4,信息课程群,2025512001,朱俊哲,2025,本科,物质科学与技术学院,正常,信息科学与技术学院,"陆林燕,范睿,娄鑫,刘闯,李正浩,林竹雨,梁俊睿",,zhujzh2025@shanghaitech.edu.cn
SI100B.01,SI100B,信息科学技术导论,4,信息课程群,2025512002,张林泽,2025,本科,物质科学与技术学院,正常,信息科学与技术学院,"陆林燕,范睿,娄鑫,刘闯,李正浩,林竹雨,梁俊睿",,zhanglz2025@shanghaitech.edu.cn
SI100B.01,SI100B,信息科学技术导论,4,信息课程群,2025512003,詹泽浩,2025,本科,物质科学与技术学院,正常,信息科学与技术学院,"陆林燕,范睿,娄鑫,刘闯,李正浩,林竹雨,梁俊睿",,zhanzh2025@shanghaitech.edu.cn
SI100B.01,SI100B,信息科学技术导论,4,信息课程群,2025512004,张宇轩,2025,本科,物质科学与技术学院,正常,信息科学与技术学院,"陆林燕,范睿,娄鑫,刘闯,李正浩,林竹雨,梁俊睿",,zhangyx2025@shanghaitech.edu.cn
SI100B.01,SI100B,信息科学技术导论,4,信息课程群,2025512005,蒋汶芯,2025,本科,物质科学与技术学院,正常,信息科学与技术学院,"陆林燕,范睿,娄鑫,刘闯,李正浩,林竹雨,梁俊睿",,jiangwx2025@shanghaitech.edu.cn
SI100B.01,SI100B,信息科学技术导论,4,信息课程群,2025512006,陈冽布,2025,本科,物质科学与技术学院,正常,信息科学与技术学院,"陆林燕,范睿,娄鑫,刘闯,李正浩,林竹雨,梁俊睿",,chenlb2025@shanghaitech.edu.cn
SI100B.01,SI100B,信息科学技术导论,4,信息课程群,2025512007,阎宸聿,2025,本科,物质科学与技术学院,正常,信息科学与技术学院,"陆林燕,范睿,娄鑫,刘闯,李正浩,林竹雨,梁俊睿",,yanchy2025@shanghaitech.edu.cn
SI100B.01,SI100B,信息科学技术导论,4,信息课程群,2025521061,杨博文,2025,本科,物质科学与技术学院,正常,信息科学与技术学院,"陆林燕,范睿,娄鑫,刘闯,李正浩,林竹雨,梁俊睿",,yangbw2025@shanghaitech.edu.cn
SI100B.01,SI100B,信息科学技术导论,4,信息课程群,2025513001,王艺霏,2025,本科,物质科学与技术学院,正常,信息科学与技术学院,"陆林燕,范睿,娄鑫,刘闯,李正浩,林竹雨,梁俊睿",,wangyf2025@shanghaitech.edu.cn
SI100B.01,SI100B,信息科学技术导论,4,信息课程群,2025513002,李东润,2025,本科,物质科学与技术学院,正常,信息科学与技术学院,"陆林燕,范睿,娄鑫,刘闯,李正浩,林竹雨,梁俊睿",,lidr2025@shanghaitech.edu.cn
SI100B.01,SI100B,信息科学技术导论,4,信息课程群,2025513003,李易霏,2025,本科,物质科学与技术学院,正常,信息科学与技术学院,"陆林燕,范睿,娄鑫,刘闯,李正浩,林竹雨,梁俊睿",,liyf2025@shanghaitech.edu.cn
SI100B.01,SI100B,信息科学技术导论,4,信息课程群,2025513004,赵梓涵,2025,本科,物质科学与技术学院,正常,信息科学与技术学院,"陆林燕,范睿,娄鑫,刘闯,李正浩,林竹雨,梁俊睿",,zhaozh2025@shanghaitech.edu.cn
SI100B.01,SI100B,信息科学技术导论,4,信息课程群,2025513005,华如景,2025,本科,物质科学与技术学院,正常,信息科学与技术学院,"陆林燕,范睿,娄鑫,刘闯,李正浩,林竹雨,梁俊睿",,huarj2025@shanghaitech.edu.cn
SI100B.01,SI100B,信息科学技术导论,4,信息课程群,2025513006,薛堉培,2025,本科,物质科学与技术学院,正常,信息科学与技术学院,"陆林燕,范睿,娄鑫,刘闯,李正浩,林竹雨,梁俊睿",,xueyp2025@shanghaitech.edu.cn
SI100B.01,SI100B,信息科学技术导论,4,信息课程群,2025513007,刘知予,2025,本科,物质科学与技术学院,正常,信息科学与技术学院,"陆林燕,范睿,娄鑫,刘闯,李正浩,林竹雨,梁俊睿",,liuzhy2025@shanghaitech.edu.cn
SI100B.01,SI100B,信息科学技术导论,4,信息课程群,2025513008,郝天勤,2025,本科,物质科学与技术学院,正常,信息科学与技术学院,"陆林燕,范睿,娄鑫,刘闯,李正浩,林竹雨,梁俊睿",,haotq2025@shanghaitech.edu.cn
SI100B.01,SI100B,信息科学技术导论,4,信息课程群,2025513010,薛泽凯,2025,本科,物质科学与技术学院,正常,信息科学与技术学院,"陆林燕,范睿,娄鑫,刘闯,李正浩,林竹雨,梁俊睿",,xuezk2025@shanghaitech.edu.cn
SI100B.01,SI100B,信息科学技术导论,4,信息课程群,2025513011,华晨伶,2025,本科,物质科学与技术学院,正常,信息科学与技术学院,"陆林燕,范睿,娄鑫,刘闯,李正浩,林竹雨,梁俊睿",,huachl2025@shanghaitech.edu.cn
SI100B.01,SI100B,信息科学技术导论,4,信息课程群,2025513012,宋蓬生,2025,本科,物质科学与技术学院,正常,信息科学与技术学院,"陆林燕,范睿,娄鑫,刘闯,李正浩,林竹雨,梁俊睿",,songpsh2025@shanghaitech.edu.cn
SI100B.01,SI100B,信息科学技术导论,4,信息课程群,2025513013,张悦琦,2025,本科,物质科学与技术学院,正常,信息科学与技术学院,"陆林燕,范睿,娄鑫,刘闯,李正浩,林竹雨,梁俊睿",,zhangyq2025@shanghaitech.edu.cn
SI100B.01,SI100B,信息科学技术导论,4,信息课程群,2025513014,陈锐文,2025,本科,物质科学与技术学院,正常,信息科学与技术学院,"陆林燕,范睿,娄鑫,刘闯,李正浩,林竹雨,梁俊睿",,chenrw2025@shanghaitech.edu.cn
SI100B.01,SI100B,信息科学技术导论,4,信息课程群,2025513015,闵宇嘉,2025,本科,物质科学与技术学院,正常,信息科学与技术学院,"陆林燕,范睿,娄鑫,刘闯,李正浩,林竹雨,梁俊睿",,minyj2025@shanghaitech.edu.cn
SI100B.01,SI100B,信息科学技术导论,4,信息课程群,2025513016,贺彧琦,2025,本科,物质科学与技术学院,正常,信息科学与技术学院,"陆林燕,范睿,娄鑫,刘闯,李正浩,林竹雨,梁俊睿",,heyq2025@shanghaitech.edu.cn
SI100B.01,SI100B,信息科学技术导论,4,信息课程群,2025513017,曾劲雄,2025,本科,物质科学与技术学院,正常,信息科学与技术学院,"陆林燕,范睿,娄鑫,刘闯,李正浩,林竹雨,梁俊睿",,zengjx2025@shanghaitech.edu.cn
SI100B.01,SI100B,信息科学技术导论,4,信息课程群,2025513018,郭祉邑,2025,本科,物质科学与技术学院,正常,信息科学与技术学院,"陆林燕,范睿,娄鑫,刘闯,李正浩,林竹雨,梁俊睿",,guozhy2025@shanghaitech.edu.cn
SI100B.01,SI100B,信息科学技术导论,4,信息课程群,2024513013,金佳琦,2024,本科,信息科学与技术学院,正常,信息科学与技术学院,"陆林燕,范睿,娄鑫,刘闯,李正浩,林竹雨,梁俊睿",1,jinjq2024@shanghaitech.edu.cn
SI100B.01,SI100B,信息科学技术导论,4,信息课程群,2025513019,陈昭霖,2025,本科,物质科学与技术学院,正常,信息科学与技术学院,"陆林燕,范睿,娄鑫,刘闯,李正浩,林竹雨,梁俊睿",,chenzhl2025@shanghaitech.edu.cn
SI100B.01,SI100B,信息科学技术导论,4,信息课程群,2025513020,石一依,2025,本科,物质科学与技术学院,正常,信息科学与技术学院,"陆林燕,范睿,娄鑫,刘闯,李正浩,林竹雨,梁俊睿",,shiyy2025@shanghaitech.edu.cn
SI100B.01,SI100B,信息科学技术导论,4,信息课程群,2025513021,魏堃宇,2025,本科,物质科学与技术学院,正常,信息科学与技术学院,"陆林燕,范睿,娄鑫,刘闯,李正浩,林竹雨,梁俊睿",,weiky2025@shanghaitech.edu.cn
SI100B.01,SI100B,信息科学技术导论,4,信息课程群,2025513022,时金玉,2025,本科,物质科学与技术学院,正常,信息科学与技术学院,"陆林燕,范睿,娄鑫,刘闯,李正浩,林竹雨,梁俊睿",,shijy12025@shanghaitech.edu.cn
SI100B.01,SI100B,信息科学技术导论,4,信息课程群,2025591033,李易安,2025,本科,物质科学与技术学院,正常,信息科学与技术学院,"陆林燕,范睿,娄鑫,刘闯,李正浩,林竹雨,梁俊睿",,liya2025@shanghaitech.edu.cn
SI100B.01,SI100B,信息科学技术导论,4,信息课程群,2024521001,王胤博,2024,本科,生命科学与技术学院,正常,信息科学与技术学院,"陆林燕,范睿,娄鑫,刘闯,李正浩,林竹雨,梁俊睿",,wangyb2024@shanghaitech.edu.cn
SI100B.01,SI100B,信息科学技术导论,4,信息课程群,2024521002,魏文翰,2024,本科,生命科学与技术学院,正常,信息科学与技术学院,"陆林燕,范睿,娄鑫,刘闯,李正浩,林竹雨,梁俊睿",,weiwh2024@shanghaitech.edu.cn
SI100B.01,SI100B,信息科学技术导论,4,信息课程群,2024521003,李曦泽,2024,本科,生命科学与技术学院,正常,信息科学与技术学院,"陆林燕,范睿,娄鑫,刘闯,李正浩,林竹雨,梁俊睿",,lixz2024@shanghaitech.edu.cn
SI100B.01,SI100B,信息科学技术导论,4,信息课程群,2024521004,何汉淼,2024,本科,生命科学与技术学院,正常,信息科学与技术学院,"陆林燕,范睿,娄鑫,刘闯,李正浩,林竹雨,梁俊睿",,hehm2024@shanghaitech.edu.cn
SI100B.01,SI100B,信息科学技术导论,4,信息课程群,2022513004,余俊希,2022,本科,物质科学与技术学院,重修,信息科学与技术学院,"陆林燕,范睿,娄鑫,刘闯,李正浩,林竹雨,梁俊睿",1,yujx2022@shanghaitech.edu.cn
SI100B.01,SI100B,信息科学技术导论,4,信息课程群,2025521065,周博雅,2025,本科,生命科学与技术学院,正常,信息科学与技术学院,"陆林燕,范睿,娄鑫,刘闯,李正浩,林竹雨,梁俊睿",1,zhouby2025@shanghaitech.edu.cn
SI100B.01,SI100B,信息科学技术导论,4,信息课程群,2025522010,赵智博,2025,本科,生命科学与技术学院,正常,信息科学与技术学院,"陆林燕,范睿,娄鑫,刘闯,李正浩,林竹雨,梁俊睿",1,zhaozhb2025@shanghaitech.edu.cn
SI100B.01,SI100B,信息科学技术导论,4,信息课程群,2024521006,董方冉,2024,本科,生命科学与技术学院,正常,信息科学与技术学院,"陆林燕,范睿,娄鑫,刘闯,李正浩,林竹雨,梁俊睿",,dongfr2024@shanghaitech.edu.cn
SI100B.01,SI100B,信息科学技术导论,4,信息课程群,2024521007,李兆恒,2024,本科,生命科学与技术学院,正常,信息科学与技术学院,"陆林燕,范睿,娄鑫,刘闯,李正浩,林竹雨,梁俊睿",,lizhh2024@shanghaitech.edu.cn
SI100B.01,SI100B,信息科学技术导论,4,信息课程群,2024521008,刘苑琪,2024,本科,生命科学与技术学院,正常,信息科学与技术学院,"陆林燕,范睿,娄鑫,刘闯,李正浩,林竹雨,梁俊睿",,liuyq2024@shanghaitech.edu.cn
SI100B.01,SI100B,信息科学技术导论,4,信息课程群,2024521009,滕云瞻,2024,本科,生命科学与技术学院,正常,信息科学与技术学院,"陆林燕,范睿,娄鑫,刘闯,李正浩,林竹雨,梁俊睿",,tengyzh2024@shanghaitech.edu.cn
SI100B.01,SI100B,信息科学技术导论,4,信息课程群,2024521010,王斯阳,2024,本科,生命科学与技术学院,正常,信息科学与技术学院,"陆林燕,范睿,娄鑫,刘闯,李正浩,林竹雨,梁俊睿",,wangsy2024@shanghaitech.edu.cn
SI100B.01,SI100B,信息科学技术导论,4,信息课程群,2024521011,王晓岚,2024,本科,生命科学与技术学院,正常,信息科学与技术学院,"陆林燕,范睿,娄鑫,刘闯,李正浩,林竹雨,梁俊睿",,wangxl2024@shanghaitech.edu.cn
SI100B.01,SI100B,信息科学技术导论,4,信息课程群,2024521012,许尹曦,2024,本科,生命科学与技术学院,正常,信息科学与技术学院,"陆林燕,范睿,娄鑫,刘闯,李正浩,林竹雨,梁俊睿",,xuyx2024@shanghaitech.edu.cn
SI100B.01,SI100B,信息科学技术导论,4,信息课程群,2024521013,周子溪,2024,本科,生命科学与技术学院,正常,信息科学与技术学院,"陆林燕,范睿,娄鑫,刘闯,李正浩,林竹雨,梁俊睿",,zhouzx2024@shanghaitech.edu.cn
SI100B.01,SI100B,信息科学技术导论,4,信息课程群,2024521014,王雪涵,2024,本科,生命科学与技术学院,正常,信息科学与技术学院,"陆林燕,范睿,娄鑫,刘闯,李正浩,林竹雨,梁俊睿",,wangxh2024@shanghaitech.edu.cn
SI100B.01,SI100B,信息科学技术导论,4,信息课程群,2024521015,王梓畅,2024,本科,生命科学与技术学院,正常,信息科学与技术学院,"陆林燕,范睿,娄鑫,刘闯,李正浩,林竹雨,梁俊睿",,wangzch2024@shanghaitech.edu.cn
SI100B.01,SI100B,信息科学技术导论,4,信息课程群,2024521016,钟天泽,2024,本科,生命科学与技术学院,正常,信息科学与技术学院,"陆林燕,范睿,娄鑫,刘闯,李正浩,林竹雨,梁俊睿",,zhongtz2024@shanghaitech.edu.cn
SI100B.01,SI100B,信息科学技术导论,4,信息课程群,2024521017,丁瑞恩,2024,本科,生命科学与技术学院,正常,信息科学与技术学院,"陆林燕,范睿,娄鑫,刘闯,李正浩,林竹雨,梁俊睿",,dingre2024@shanghaitech.edu.cn
SI100B.01,SI100B,信息科学技术导论,4,信息课程群,2024521018,顿盛华,2024,本科,生命科学与技术学院,正常,信息科学与技术学院,"陆林燕,范睿,娄鑫,刘闯,李正浩,林竹雨,梁俊睿",,dunshh2024@shanghaitech.edu.cn
SI100B.01,SI100B,信息科学技术导论,4,信息课程群,2024521019,宫苏炜一,2024,本科,生命科学与技术学院,正常,信息科学与技术学院,"陆林燕,范睿,娄鑫,刘闯,李正浩,林竹雨,梁俊睿",,gongswy2024@shanghaitech.edu.cn
SI100B.01,SI100B,信息科学技术导论,4,信息课程群,2024521020,李雨凝,2024,本科,生命科学与技术学院,正常,信息科学与技术学院,"陆林燕,范睿,娄鑫,刘闯,李正浩,林竹雨,梁俊睿",,liyn2024@shanghaitech.edu.cn
SI100B.01,SI100B,信息科学技术导论,4,信息课程群,2024521021,刘福生,2024,本科,生命科学与技术学院,正常,信息科学与技术学院,"陆林燕,范睿,娄鑫,刘闯,李正浩,林竹雨,梁俊睿",,liufsh2024@shanghaitech.edu.cn
SI100B.01,SI100B,信息科学技术导论,4,信息课程群,2024521022,刘洋,2024,本科,生命科学与技术学院,正常,信息科学与技术学院,"陆林燕,范睿,娄鑫,刘闯,李正浩,林竹雨,梁俊睿",,liuyang2024@shanghaitech.edu.cn
SI100B.01,SI100B,信息科学技术导论,4,信息课程群,2024521023,熊皖湘,2024,本科,生命科学与技术学院,正常,信息科学与技术学院,"陆林燕,范睿,娄鑫,刘闯,李正浩,林竹雨,梁俊睿",,xiongwx2024@shanghaitech.edu.cn
SI100B.01,SI100B,信息科学技术导论,4,信息课程群,2024521024,张孟懿,2024,本科,生命科学与技术学院,正常,信息科学与技术学院,"陆林燕,范睿,娄鑫,刘闯,李正浩,林竹雨,梁俊睿",,zhangmy2024@shanghaitech.edu.cn
SI100B.01,SI100B,信息科学技术导论,4,信息课程群,2024521025,钟子迎,2024,本科,生命科学与技术学院,正常,信息科学与技术学院,"陆林燕,范睿,娄鑫,刘闯,李正浩,林竹雨,梁俊睿",,zhongzy2024@shanghaitech.edu.cn
SI100B.01,SI100B,信息科学技术导论,4,信息课程群,2024521026,张钊源,2024,本科,生命科学与技术学院,正常,信息科学与技术学院,"陆林燕,范睿,娄鑫,刘闯,李正浩,林竹雨,梁俊睿",,zhangzhy2024@shanghaitech.edu.cn
SI100B.01,SI100B,信息科学技术导论,4,信息课程群,2024521028,汪铭锋,2024,本科,生命科学与技术学院,正常,信息科学与技术学院,"陆林燕,范睿,娄鑫,刘闯,李正浩,林竹雨,梁俊睿",,wangmf2024@shanghaitech.edu.cn
SI100B.01,SI100B,信息科学技术导论,4,信息课程群,2024521029,陈君箐,2024,本科,生命科学与技术学院,正常,信息科学与技术学院,"陆林燕,范睿,娄鑫,刘闯,李正浩,林竹雨,梁俊睿",,chenjq2024@shanghaitech.edu.cn
SI100B.01,SI100B,信息科学技术导论,4,信息课程群,2024521030,陈昱宁,2024,本科,生命科学与技术学院,正常,信息科学与技术学院,"陆林燕,范睿,娄鑫,刘闯,李正浩,林竹雨,梁俊睿",,chenyn2024@shanghaitech.edu.cn
SI100B.01,SI100B,信息科学技术导论,4,信息课程群,2024521032,董乐惟,2024,本科,生命科学与技术学院,正常,信息科学与技术学院,"陆林燕,范睿,娄鑫,刘闯,李正浩,林竹雨,梁俊睿",,donglw2024@shanghaitech.edu.cn
SI100B.01,SI100B,信息科学技术导论,4,信息课程群,2024521033,董露,2024,本科,生命科学与技术学院,正常,信息科学与技术学院,"陆林燕,范睿,娄鑫,刘闯,李正浩,林竹雨,梁俊睿",,donglu2024@shanghaitech.edu.cn
SI100B.01,SI100B,信息科学技术导论,4,信息课程群,2024521034,樊佳怡,2024,本科,生命科学与技术学院,正常,信息科学与技术学院,"陆林燕,范睿,娄鑫,刘闯,李正浩,林竹雨,梁俊睿",,fanjy2024@shanghaitech.edu.cn
SI100B.01,SI100B,信息科学技术导论,4,信息课程群,2024521035,樊知涵,2024,本科,生命科学与技术学院,正常,信息科学与技术学院,"陆林燕,范睿,娄鑫,刘闯,李正浩,林竹雨,梁俊睿",,fanzhh2024@shanghaitech.edu.cn
SI100B.01,SI100B,信息科学技术导论,4,信息课程群,2024521036,高子上,2024,本科,生命科学与技术学院,正常,信息科学与技术学院,"陆林燕,范睿,娄鑫,刘闯,李正浩,林竹雨,梁俊睿",,gaozsh2024@shanghaitech.edu.cn
SI100B.01,SI100B,信息科学技术导论,4,信息课程群,2024521037,季王怡,2024,本科,生命科学与技术学院,正常,信息科学与技术学院,"陆林燕,范睿,娄鑫,刘闯,李正浩,林竹雨,梁俊睿",,jiwy2024@shanghaitech.edu.cn
SI100B.01,SI100B,信息科学技术导论,4,信息课程群,2024521038,倪昊正,2024,本科,生命科学与技术学院,正常,信息科学与技术学院,"陆林燕,范睿,娄鑫,刘闯,李正浩,林竹雨,梁俊睿",,nihzh2024@shanghaitech.edu.cn
SI100B.01,SI100B,信息科学技术导论,4,信息课程群,2024521040,盛倩兮,2024,本科,生命科学与技术学院,正常,信息科学与技术学院,"陆林燕,范睿,娄鑫,刘闯,李正浩,林竹雨,梁俊睿",,shengqx2024@shanghaitech.edu.cn
SI100B.01,SI100B,信息科学技术导论,4,信息课程群,2024521041,孙其乐,2024,本科,生命科学与技术学院,正常,信息科学与技术学院,"陆林燕,范睿,娄鑫,刘闯,李正浩,林竹雨,梁俊睿",,sunql2024@shanghaitech.edu.cn
SI100B.01,SI100B,信息科学技术导论,4,信息课程群,2024521042,孙筱,2024,本科,生命科学与技术学院,正常,信息科学与技术学院,"陆林燕,范睿,娄鑫,刘闯,李正浩,林竹雨,梁俊睿",,sunxiao2024@shanghaitech.edu.cn
SI100B.01,SI100B,信息科学技术导论,4,信息课程群,2024521043,唐嘉颖,2024,本科,生命科学与技术学院,正常,信息科学与技术学院,"陆林燕,范睿,娄鑫,刘闯,李正浩,林竹雨,梁俊睿",,tangjy2024@shanghaitech.edu.cn
SI100B.01,SI100B,信息科学技术导论,4,信息课程群,2024521044,王祎成,2024,本科,生命科学与技术学院,正常,信息科学与技术学院,"陆林燕,范睿,娄鑫,刘闯,李正浩,林竹雨,梁俊睿",,wangych2024@shanghaitech.edu.cn
SI100B.01,SI100B,信息科学技术导论,4,信息课程群,2024521045,王翌沣,2024,本科,生命科学与技术学院,正常,信息科学与技术学院,"陆林燕,范睿,娄鑫,刘闯,李正浩,林竹雨,梁俊睿",,wangyf2024@shanghaitech.edu.cn
SI100B.01,SI100B,信息科学技术导论,4,信息课程群,2024521046,吴博文,2024,本科,生命科学与技术学院,正常,信息科学与技术学院,"陆林燕,范睿,娄鑫,刘闯,李正浩,林竹雨,梁俊睿",,wubw2024@shanghaitech.edu.cn
SI100B.01,SI100B,信息科学技术导论,4,信息课程群,2024521049,叶雯垚,2024,本科,生命科学与技术学院,正常,信息科学与技术学院,"陆林燕,范睿,娄鑫,刘闯,李正浩,林竹雨,梁俊睿",,yewy2024@shanghaitech.edu.cn
SI100B.01,SI100B,信息科学技术导论,4,信息课程群,2024521050,于越,2024,本科,生命科学与技术学院,正常,信息科学与技术学院,"陆林燕,范睿,娄鑫,刘闯,李正浩,林竹雨,梁俊睿",,yuyue2024@shanghaitech.edu.cn
SI100B.01,SI100B,信息科学技术导论,4,信息课程群,2024521051,张子墨,2024,本科,生命科学与技术学院,正常,信息科学与技术学院,"陆林燕,范睿,娄鑫,刘闯,李正浩,林竹雨,梁俊睿",,zhangzm2024@shanghaitech.edu.cn
SI100B.01,SI100B,信息科学技术导论,4,信息课程群,2024521052,郑易衡,2024,本科,生命科学与技术学院,正常,信息科学与技术学院,"陆林燕,范睿,娄鑫,刘闯,李正浩,林竹雨,梁俊睿",,zhengyh2024@shanghaitech.edu.cn
SI100B.01,SI100B,信息科学技术导论,4,信息课程群,2024521053,朱霄宇,2024,本科,生命科学与技术学院,正常,信息科学与技术学院,"陆林燕,范睿,娄鑫,刘闯,李正浩,林竹雨,梁俊睿",,zhuxy2024@shanghaitech.edu.cn
SI100B.01,SI100B,信息科学技术导论,4,信息课程群,2024521054,顾晟昕,2024,本科,生命科学与技术学院,正常,信息科学与技术学院,"陆林燕,范睿,娄鑫,刘闯,李正浩,林竹雨,梁俊睿",,gushx2024@shanghaitech.edu.cn
SI100B.01,SI100B,信息科学技术导论,4,信息课程群,2024521055,冉宇昕,2024,本科,生命科学与技术学院,正常,信息科学与技术学院,"陆林燕,范睿,娄鑫,刘闯,李正浩,林竹雨,梁俊睿",,ranyx2024@shanghaitech.edu.cn
SI100B.01,SI100B,信息科学技术导论,4,信息课程群,2024521056,袁乐天,2024,本科,生命科学与技术学院,正常,信息科学与技术学院,"陆林燕,范睿,娄鑫,刘闯,李正浩,林竹雨,梁俊睿",,yuanlt2024@shanghaitech.edu.cn
SI100B.01,SI100B,信息科学技术导论,4,信息课程群,2024521057,张赵希,2024,本科,生命科学与技术学院,正常,信息科学与技术学院,"陆林燕,范睿,娄鑫,刘闯,李正浩,林竹雨,梁俊睿",,zhangzhx2024@shanghaitech.edu.cn
SI100B.01,SI100B,信息科学技术导论,4,信息课程群,2024521058,陈彦憬,2024,本科,生命科学与技术学院,正常,信息科学与技术学院,"陆林燕,范睿,娄鑫,刘闯,李正浩,林竹雨,梁俊睿",,chenyj2024@shanghaitech.edu.cn
SI100B.01,SI100B,信息科学技术导论,4,信息课程群,2024521059,刘倬溪,2024,本科,生命科学与技术学院,正常,信息科学与技术学院,"陆林燕,范睿,娄鑫,刘闯,李正浩,林竹雨,梁俊睿",,liuzhx2024@shanghaitech.edu.cn
SI100B.01,SI100B,信息科学技术导论,4,信息课程群,2024521060,杨祉昂,2024,本科,生命科学与技术学院,正常,信息科学与技术学院,"陆林燕,范睿,娄鑫,刘闯,李正浩,林竹雨,梁俊睿",,yangzha2024@shanghaitech.edu.cn
SI100B.01,SI100B,信息科学技术导论,4,信息课程群,2024521063,丁成,2024,本科,生命科学与技术学院,正常,信息科学与技术学院,"陆林燕,范睿,娄鑫,刘闯,李正浩,林竹雨,梁俊睿",,dingcheng2024@shanghaitech.edu.cn
SI100B.01,SI100B,信息科学技术导论,4,信息课程群,2024521064,欧阳语涵,2024,本科,生命科学与技术学院,正常,信息科学与技术学院,"陆林燕,范睿,娄鑫,刘闯,李正浩,林竹雨,梁俊睿",,ouyangyh2024@shanghaitech.edu.cn
SI100B.01,SI100B,信息科学技术导论,4,信息课程群,2024521065,苏佳丽,2024,本科,生命科学与技术学院,正常,信息科学与技术学院,"陆林燕,范睿,娄鑫,刘闯,李正浩,林竹雨,梁俊睿",,sujl2024@shanghaitech.edu.cn
SI100B.01,SI100B,信息科学技术导论,4,信息课程群,2024521067,朱襄瑜,2024,本科,生命科学与技术学院,正常,信息科学与技术学院,"陆林燕,范睿,娄鑫,刘闯,李正浩,林竹雨,梁俊睿",,zhuxy12024@shanghaitech.edu.cn
SI100B.01,SI100B,信息科学技术导论,4,信息课程群,2024521068,庞清源,2024,本科,生命科学与技术学院,正常,信息科学与技术学院,"陆林燕,范睿,娄鑫,刘闯,李正浩,林竹雨,梁俊睿",,pangqy2024@shanghaitech.edu.cn
SI100B.01,SI100B,信息科学技术导论,4,信息课程群,2024522001,雷翊宁,2024,本科,生命科学与技术学院,正常,信息科学与技术学院,"陆林燕,范睿,娄鑫,刘闯,李正浩,林竹雨,梁俊睿",,leiyn2024@shanghaitech.edu.cn
SI100B.01,SI100B,信息科学技术导论,4,信息课程群,2024522002,王昱舒涵,2024,本科,生命科学与技术学院,正常,信息科学与技术学院,"陆林燕,范睿,娄鑫,刘闯,李正浩,林竹雨,梁俊睿",,wangyshh2024@shanghaitech.edu.cn
SI100B.01,SI100B,信息科学技术导论,4,信息课程群,2024522003,荣佳珂,2024,本科,生命科学与技术学院,正常,信息科学与技术学院,"陆林燕,范睿,娄鑫,刘闯,李正浩,林竹雨,梁俊睿",,rongjk2024@shanghaitech.edu.cn
SI100B.01,SI100B,信息科学技术导论,4,信息课程群,2024522004,聂驿骅,2024,本科,生命科学与技术学院,正常,信息科学与技术学院,"陆林燕,范睿,娄鑫,刘闯,李正浩,林竹雨,梁俊睿",,nieyh2024@shanghaitech.edu.cn
SI100B.01,SI100B,信息科学技术导论,4,信息课程群,2024522005,王子姚,2024,本科,生命科学与技术学院,正常,信息科学与技术学院,"陆林燕,范睿,娄鑫,刘闯,李正浩,林竹雨,梁俊睿",,wangzy2024@shanghaitech.edu.cn
SI100B.01,SI100B,信息科学技术导论,4,信息课程群,2024522006,戴筱琪,2024,本科,生命科学与技术学院,正常,信息科学与技术学院,"陆林燕,范睿,娄鑫,刘闯,李正浩,林竹雨,梁俊睿",,daixq2024@shanghaitech.edu.cn
SI100B.01,SI100B,信息科学技术导论,4,信息课程群,2024522007,黄嘉瑜,2024,本科,生命科学与技术学院,正常,信息科学与技术学院,"陆林燕,范睿,娄鑫,刘闯,李正浩,林竹雨,梁俊睿",,huangjy2024@shanghaitech.edu.cn
SI100B.01,SI100B,信息科学技术导论,4,信息课程群,2024522008,李昌彧,2024,本科,生命科学与技术学院,正常,信息科学与技术学院,"陆林燕,范睿,娄鑫,刘闯,李正浩,林竹雨,梁俊睿",,lichy2024@shanghaitech.edu.cn
SI100B.01,SI100B,信息科学技术导论,4,信息课程群,2024522009,李维骏,2024,本科,生命科学与技术学院,正常,信息科学与技术学院,"陆林燕,范睿,娄鑫,刘闯,李正浩,林竹雨,梁俊睿",,liwj2024@shanghaitech.edu.cn
SI100B.01,SI100B,信息科学技术导论,4,信息课程群,2024522011,陆之遥,2024,本科,生命科学与技术学院,正常,信息科学与技术学院,"陆林燕,范睿,娄鑫,刘闯,李正浩,林竹雨,梁俊睿",,luzhy2024@shanghaitech.edu.cn
SI100B.01,SI100B,信息科学技术导论,4,信息课程群,2024522012,徐庆川,2024,本科,生命科学与技术学院,正常,信息科学与技术学院,"陆林燕,范睿,娄鑫,刘闯,李正浩,林竹雨,梁俊睿",,xuqch2024@shanghaitech.edu.cn
SI100B.01,SI100B,信息科学技术导论,4,信息课程群,2024522013,刘颜瑞,2024,本科,生命科学与技术学院,正常,信息科学与技术学院,"陆林燕,范睿,娄鑫,刘闯,李正浩,林竹雨,梁俊睿",,liuyr2024@shanghaitech.edu.cn
SI100B.01,SI100B,信息科学技术导论,4,信息课程群,2024522014,邱皓云,2024,本科,生命科学与技术学院,正常,信息科学与技术学院,"陆林燕,范睿,娄鑫,刘闯,李正浩,林竹雨,梁俊睿",,qiuhy2024@shanghaitech.edu.cn
SI100B.01,SI100B,信息科学技术导论,4,信息课程群,2024522015,单彦清,2024,本科,生命科学与技术学院,正常,信息科学与技术学院,"陆林燕,范睿,娄鑫,刘闯,李正浩,林竹雨,梁俊睿",,shanyq2024@shanghaitech.edu.cn
SI100B.01,SI100B,信息科学技术导论,4,自然科学通识课程,2024581001,马悦杨,2024,本科,人文科学研究院,正常,信息科学与技术学院,"陆林燕,范睿,娄鑫,刘闯,李正浩,林竹雨,梁俊睿",,mayy2024@shanghaitech.edu.cn
SI100B.01,SI100B,信息科学技术导论,4,自然科学通识课程,2024581002,朱明轩,2024,本科,人文科学研究院,正常,信息科学与技术学院,"陆林燕,范睿,娄鑫,刘闯,李正浩,林竹雨,梁俊睿",,zhumx2024@shanghaitech.edu.cn
SI100B.01,SI100B,信息科学技术导论,4,信息课程群,2024533119,尹智,2024,本科,信息科学与技术学院,重修,信息科学与技术学院,"陆林燕,范睿,娄鑫,刘闯,李正浩,林竹雨,梁俊睿",1,yinzhi2024@shanghaitech.edu.cn
SI100B.01,SI100B,信息科学技术导论,4,信息课程群,2024512009,崔云卓,2024,本科,物质科学与技术学院,正常,信息科学与技术学院,"陆林燕,范睿,娄鑫,刘闯,李正浩,林竹雨,梁俊睿",1,cuiyzh2024@shanghaitech.edu.cn
SI100B.01,SI100B,信息科学技术导论,4,信息课程群,2025521041,顾家齐,2025,本科,生命科学与技术学院,正常,信息科学与技术学院,"陆林燕,范睿,娄鑫,刘闯,李正浩,林竹雨,梁俊睿",1,gujq2025@shanghaitech.edu.cn
SI100B.01,SI100B,信息科学技术导论,4,信息课程群,2023521036,刘康平,2023,本科,生命科学与技术学院,正常,信息科学与技术学院,"陆林燕,范睿,娄鑫,刘闯,李正浩,林竹雨,梁俊睿",1,liukp2023@shanghaitech.edu.cn
SI100B.01,SI100B,信息科学技术导论,4,信息课程群,2024522010,李怡蕙,2024,本科,信息科学与技术学院,正常,信息科学与技术学院,"陆林燕,范睿,娄鑫,刘闯,李正浩,林竹雨,梁俊睿",1,liyh2024@shanghaitech.edu.cn
SI100B.01,SI100B,信息科学技术导论,4,信息课程群,2023521034,李雨霏,2023,本科,生命科学与技术学院,正常,信息科学与技术学院,"陆林燕,范睿,娄鑫,刘闯,李正浩,林竹雨,梁俊睿",3,liyf2023@shanghaitech.edu.cn
SI100B.01,SI100B,信息科学技术导论,4,信息课程群,2023531049,赵胤淇,2023,本科,信息科学与技术学院,重修,信息科学与技术学院,"陆林燕,范睿,娄鑫,刘闯,李正浩,林竹雨,梁俊睿",2,zhaoyq2023@shanghaitech.edu.cn
SI100B.01,SI100B,信息科学技术导论,4,信息课程群,2024531125,钱雅儒,2024,本科,信息科学与技术学院,重修免听,信息科学与技术学院,"陆林燕,范睿,娄鑫,刘闯,李正浩,林竹雨,梁俊睿",,qianyr2024@shanghaitech.edu.cn
SI100B.01,SI100B,信息科学技术导论,4,信息课程群,2023531041,陈骏贤,2023,本科,信息科学与技术学院,重修,信息科学与技术学院,"陆林燕,范睿,娄鑫,刘闯,李正浩,林竹雨,梁俊睿",2,chenjx2023@shanghaitech.edu.cn
SI100B.01,SI100B,信息科学技术导论,4,信息课程群,2024511017,任彦睿,2024,本科,物质科学与技术学院,重修免听,信息科学与技术学院,"陆林燕,范睿,娄鑫,刘闯,李正浩,林竹雨,梁俊睿",,renyr2024@shanghaitech.edu.cn
SI100B.01,SI100B,信息科学技术导论,4,信息课程群,2025521028,韩津,2025,本科,生命科学与技术学院,正常,信息科学与技术学院,"陆林燕,范睿,娄鑫,刘闯,李正浩,林竹雨,梁俊睿",3,hanjin2025@shanghaitech.edu.cn
SI100B.01,SI100B,信息科学技术导论,4,信息课程群,2022512005,李赫,2022,本科,物质科学与技术学院,重修,信息科学与技术学院,"陆林燕,范睿,娄鑫,刘闯,李正浩,林竹雨,梁俊睿",3,lihe2022@shanghaitech.edu.cn
